0, "Dume", "Thnk Void", -3.0444104874590887, -0.8766837761674957
1, "Keep Us Together", "Raina Solway", 3.9776023920752155, -10.554854064289161
2, "Say Hello To Alison", "The Dig", -4.868861809617707, 1.5883416941835244
3, "Whose Heart", "Okey Dokey", -3.5045479586799417, 12.02899949449991
4, "When I'm Gone", "Yo & The South", -1.6674269338769128, 3.330057009065968
5, "White Girls, Black Jackets", "Inning", 0.09419565852305312, 4.502887182402594
6, "Window Eyes (feat. Pawn)", "Pleasure Nature", 0.1654986329973772, 2.5251517734659847
7, "You Don't Know Me", "Brandon Hoogenboom", -0.7182407161460602, -7.499299123942965
8, "Who's Mess, Who's Tears", "Made-Up", 1.8991992693111015, 7.022177180508008
9, "yours alone", "mellow fellow", 4.5117507335704525, 7.201292102458146
10, "WHY BELIEVE", "Secret American", -2.78276025647908, 8.032946550390497
11, "Zzz", "Oro Swimming Hour", -2.59651224197548, 12.432498362070803
12, "Wollow", "Str√ºds Munroe", -7.489717642793865, 6.660502236356215
13, "Yearning", "sailawway", 0.12159274076764263, -8.479216102940475
14, "Yellow House", "Orchid Mantis", -0.24353403446211153, 6.131081974233188
15, "Yew", "BUHU", 2.5461411140008234, -4.012026320161383
16, "you.", "Oscar Lang", 0.613238687114555, -8.673097847214404
17, "Your Better Half Is Dead", "draag", 2.5272186030193047, 7.406915215557765
18, "Jazzboy", "ST. MARTiiNS", -6.8266959415252595, 5.58852447091538
19, "Melon Cauliflower", "Bobey", 5.537006704960788, -6.51799860323029
20, "Kite", "boy scouts", -0.7786073616697402, -11.808015479053582
21, "Jelly Love", "Cousin Kula", -3.8443643781120485, -0.9020466650643363
22, "Lights Out", "Ocean Potion", -4.5869765574683505, -4.526620208589466
23, "Lady Lovely (Demo)", "Orange Joe", -0.01903016754692132, -12.151677133765057
24, "Sex With My Ex", "Provoker", 4.20801859999354, -2.2832418845834597
25, "In Camera", "Yumi Zouma", 1.3629269925372287, 6.281665988270267
26, "Loneliness", "Aaron Taos", -1.7385851421541898, -2.309248655397912
27, "Michigan", "Barrie", -5.018909116856135, 2.5883767680429357
28, "Sick Feeling", "Boy Pablo", -1.7383958388066814, 8.262389963271598
29, "In Dreams", "cardnl", 0.9933134299916868, -13.310875269281782
30, "LaLaLa", "freddyboy", 0.6682024961049718, -6.923321563399959
31, "Keep", "JANA", 6.032055492380398, -2.3945311477474576
32, "Kooky Sun", "Laure Briard", -3.464946568707966, 10.59632537956365
33, "Like an Animal", "Alfie Templeman", -3.6018598488014546, 9.965897293525124
34, "Since I Saw You", "Alfred Hall", 0.4756387038135789, 0.8365506392706522
35, "Low Health", "Goodbye Max", -1.3663213286467364, -7.940361851955046
36, "Monsters", "Jo Marches", -4.191502105792216, 8.250093096218862
37, "l o s e r. (Prod.cmedina)", "Julian Bolanos", -2.244357159847069, -5.086730299332652
38, "It's Okay To Dream", "Mellow Fellow & Ruru", -0.7630878413997394, 1.7722070696930574
39, "What To Say", "Bill Nickson", -1.3530250721775121, 5.501959398955373
40, "Orange Girl", "Dreamer Boy", -3.288960938540326, -0.18794672762867853
41, "Parents", "FLOOR CRY", -0.28317752093079446, -5.9536309143159425
42, "Sad Day", "Sk√∏pitone Sisk√∏", 4.3628188794259755, 2.777813437869911
43, "Old Man", "Stella Donnelly", -2.603078663341494, 10.663018109341813
44, "Whirl", "Aaberg", -4.263961841024991, -8.229147516238726
45, "Part 1 Romaine 7000", "Dash Hammerstein", 0.3085862273928158, -3.188065858851094
46, "Only on the Weekends", "Fishing in Japan", 3.3331128982783365, 6.973433114142904
47, "Sad TV", "Mind Shrine", 0.9312327460734601, -1.9058913918022795
48, "Patreon Anthem", "MITYA", 0.5647015548222516, 9.275863829776668
49, "Something For You", "Remy", 5.555182442122443, -4.719624198688961
50, "Orogeny", "Soft Streak", 1.9844764645267943, -4.005067467585696
51, "Quiet Games", "Andrew Todd", -2.757032834816901, 5.823762825060844
52, "Something Real", "Birgitta Alida", -3.5567972796641154, 8.173723739072642
53, "Out of Bounds", "COMPs", -2.0413373810906794, 9.346377721870958
54, "Whoa (ft. Bane's World)", "Inner Wave", -0.7655710808520773, -3.0217381527477873
55, "Powder", "LAUNDER", -1.5792121937881922, 3.663088679196281
56, "Second Part", "Motorama", 4.984711191078216, 0.0674126727328876
57, "Outta Focus", "Sunnbrella", -0.2732867472603071, 0.6061982887872975
58, "Over Time", "Baywaves", 4.354585855919951, 9.44171352957308
59, "Programming", "Boyo", -4.418612431398858, 7.831415007347811
60, "Secret Satan", "Gregory Pepper & His Problems", -2.822895875668968, 13.579874931472022
61, "Out of My Skin", "Karl Fitzgerald", -0.7944813847162044, 3.022672203896728
62, "Real Like You", "Model Tenant", -3.090395201175588, -9.98144423983707
63, "Something To Look Forward To", "Ritual Talk", -0.7270162281050161, -9.107611362555222
64, "Settle Down", "√ñsla", 8.12896348841648, -7.252626884378135
65, "Rework", "Light Scene Factory - This Emotion", -0.28022509662945533, -6.362332683534651
66, "pushover", "maggery", 3.5551917666369928, -10.615435865479679
67, "School Boy", "Coral Pink", 1.739903525605642, -7.0318906238409715
68, "Stars Are Calling (feat. Gisela Payne)", "Dream League Soccer", 5.19992635333013, -1.7399463106846054
69, "What Does It Take", "Miljon", 9.685702902406174, -6.555518114308758
70, "Some More", "MUNYA", -2.9332046844993758, 3.5916560656175074
71, "Why you wouldn't", "FAIX", 0.5728329046003957, 0.3094768474874454
72, "Susie May (Josh Augustin cover)", "beabadoobee", -4.362853663735057, 2.382587739004621
73, "Undertow", "Mammoth Indigo", -2.636827184540503, -1.2716411974995865
74, "You Seem Alright", "Dark Eyes", -3.011049727834884, 6.520379220633799
75, "You Don't Know", "Golden Chow", -2.7840853117976074, 11.553824236954403
76, "what would I do", "Strawberry Guy", 1.510865186902048, -1.8675446701286296
77, "fEElin gOOD fEELin bAD", "King Bug", -0.7573311338080715, 5.382867442608515
78, "Her", "Raymundo", -0.6174212818291811, 0.1728504004007888
79, "Feelin' Down", "Selmer", -5.978790589719989, -4.63781467060867
80, "Forevers End", "The Holydrug Couple", -2.7610945419612074, 12.07809530987482
81, "Figure It Out", "Beachtape", -0.08348116747578879, 9.087340682353592
82, "Franny", "BUHU", 0.32678646775205655, 5.351029114881081
83, "Hey Old Friend", "Dearly Somber", 0.9397052931666157, -11.68304232188936
84, "Feeling Better", "Georgey V", -3.2721966057755165, -1.500860027810465
85, "Eel Mountain", "Goth Babe", 2.0780582440508044, -4.105704968770613
86, "Generation Sex", "Green Sahara", -1.365402924131465, 11.750278507390908
87, "Fear of God", "Sports Boyfriend", 1.9436609893947134, -2.6402575782230167
88, "Gentle On My Mind", "Andrew Todd", 7.95155249806916, 0.10992671171907407
89, "Golden State Address", "Colyn Cameron", 0.5001075386065105, -10.210985266960247
90, "flower girl (ft. reymun)", "cris azul", -3.7425577600973075, 0.44347510288814607
91, "Everything", "M.A.D.", -3.2857533295401455, 11.081426134318777
92, "Foamy Lace", "Magic Potion", -5.683324307341223, -1.1277396130300616
93, "Flyby", "Sunnbrella", -2.611284576949326, 12.685089580579993
94, "I Hate Summer", "SWANES", 3.486837803332136, 8.110233385638255
95, "foreign movies", "Banzai Florist", 2.313630820051112, 2.094932983887426
96, "On My Way", "The Convenience", 6.8956128526573375, 7.2782966098178585
97, "Maintain", "Vilde", -2.2355142000775077, 3.5974030516281625
98, "Monday Disco Morning", "Davey and the Chains", 4.005574765486896, 7.349889944087388
99, "Mellow Richard", "Deep Sea Peach Tree", 0.846195960408225, 1.9113561186243821
100, "The Locals", "Hypocrite In A Hippy Crypt", -2.6685166232373736, 12.67490578504611
101, "maybeee", "Miraud", 0.6105417933829795, -12.993802801779317
102, "One Year", "Sleep Radio", 0.4507081270255874, -5.938020101924208
103, "Mechanism", "TOY", 1.0928174419678225, -2.139572227576746
104, "Planet", "Wyatt Smith", 2.9330662881923955, -0.35448604684627066
105, "Memory Lane", "Anemone", -2.8812339812809924, 9.687271133686624
106, "The Room", "Astronauts, etc.", -2.356394634938025, 3.0137647863089776
107, "Plant Boy", "Brittle Brian", -4.429074820732056, 4.905578355456873
108, "Moonlight Confession", "Dimitri von B√ºren", 1.7276274997089898, -0.6630454310836678
109, "Original Girl", "Emmett Kai", 4.18756313249876, -8.352830745631342
110, "Monster", "George Clanton", 5.850006421779395, 9.476878793496802
111, "Mermaid Parade", "Pearl & The Oysters", -0.638462609038475, -2.458260873825649
112, "Mendocino (feat. Luke Steele)", "Crane Like The Bird", 0.8544815481605909, 4.890429278445508
113, "mr nobody", "deb never", 0.13289467799417054, -12.3629550155809
114, "The Shortest Lovesong", "Lily Potter", -1.3921217912389605, -11.386771231300292
115, "Porch Song", "Orchid Mantis", 1.228520318774166, 7.987900892822581
116, "Momma", "Quadry", -2.325557896242452, 0.8198872818536542
117, "Pain Killer", "Romain Cupper", -6.922053731506816, 2.0586503862815038
118, "Mr. Angel", "Tommy Newport", 2.0172238917190337, -2.4600580193021915
119, "Punchdrunk", "Andy Burns", 2.4592489516644584, -10.225208125338789
120, "Dog", "Floating Room", -2.439313365442111, 11.373015490201695
121, "Come By Sunday", "Major Murphy", -2.601073382355851, 4.103433550651108
122, "Call U (feat. Freak Slug)", "OLWH", 4.142466215499418, -2.136962303625575
123, "D√©sert Sentimental", "Pasta Grows On Trees", 1.9480550981283926, 1.6982563290157158
124, "Cool Boys Dance", "Plant Mosh", 7.048737512418735, -9.70709828301935
125, "Cruise", "Saeyers", -2.349481901662657, 13.45439874443142
126, "Copilot", "T≈çth", -5.162248574869488, 4.407299145507618
127, "Cr√®ve", "Charlotte Fever", 0.7098821536250309, -1.8542671748358965
128, "Did I Buy It (feat. Mild High Club)", "Jerry Paper", 10.332098058874944, -4.812364207244709
129, "Cry Wolf", "Skylar Spence", -2.331911534867022, 7.942410047980644
130, "Day by Day Box of Cards", "Sophie Meiers", -1.6336671703143777, -5.9787012636473005
131, "Commotion", "Stray Fossa", -3.3437799877116436, 11.448406845813038
132, "Don't Care", "TEMPOREX", -0.7537601596259691, 3.324367799186541
133, "Canyon on Fire", "Wild Nothing", 2.768266646498768, 7.604520843769193
134, "Cyber", "Baseball Gregg", -1.1830300326545073, 7.534917093884454
135, "Daydream", "Daniel Downing", 1.447692954083608, 5.619615668511079
136, "Cub", "ginla", -3.3696608421418963, -5.600427070956762
137, "Valley of Heat", "Mama Kokomo", -2.0563287712163474, -6.308177418551258
138, "Side-Eye", "Maple & Beech", -1.506455574028427, -8.74424327905748
139, "Seth Rogen", "Ditch Days", 4.737629220952542, 6.086942887865032
140, "What A Mess", "Ellis", 5.433388609741708, 4.597288031568665
141, "Stop", "hypocrite in a hippy crypt", 3.848581446801981, 5.453355023789713
142, "Tests", "Kate Bollinger", 8.760819427563575, -7.376072858251121
143, "Siren 042", "Lala Lala & WHY", -7.018671229160187, 1.9911234908703652
144, "Threw My Love Away", "Okey Dokey", 1.652300829077376, 9.86899595632683
145, "Thankful", "Andrew Younker", -2.9491197891951835, 11.363238079832344
146, "Stuck In The Groove", "Cody Ash", -5.050989420562243, 3.813641273353258
147, "Sky So Blue", "Hot Flash Heat Wave", 3.228242894002031, 8.240664201193347
148, "Mahjong Room", "Ginger Root", 2.915768114356148, -1.5130795659518996
149, "forget her.", "girl in red", 7.9336528256918175, -4.383253120023381
150, "Heavy Crown", "Grizfolk", 4.706306495483811, 0.7096382503221064
151, "Homeroom", "Rnie", -4.112388219112238, 5.021524600875543
152, "Grow", "sleep well.", -1.8313720711808816, 4.685735619764233
153, "House Pool", "Wednesday & MJ Lenderman", -1.9269655433078516, -7.820453190252884
154, "if you lose", "wolfgang hunter", 5.340674593396889, -7.266042409608226
155, "Hey You", "Brandon Hoogenboom", 0.44061211031047604, 7.112044019541008
156, "Genesis", "Daniela Andrade", -4.6188918267833134, -7.463179528242092
157, "Memories Survive", "Danny Downing", -1.318249645535308, -3.1557693698890077
158, "I Like Transit Vans", "Peeping Drexels", 5.084115907360185, -8.688039729927489
159, "Gut Feeling", "Peter Bjorn and John", -1.1014903954695636, 10.060948617908695
160, "In a Jar", "Tyler Burkhart", 9.378287849956958, -6.609319946864985
161, "Honest (ft. Family Reunion)", "VICTOR!", 0.9118122812870114, -4.580537221469677
162, "How It Goes", "Boyo", 4.522539063152586, 6.115723400162312
163, "Gonna Fly", "Chi Runner", 0.013990217084711837, 6.00212894617525
164, "Happy People", "Deal Casino", -6.368523287699018, 0.9631144855331025
165, "Monster", "Fog Lake", -1.7098842819816982, 9.929233619366144
166, "In Dreams", "Johnny Something", 0.8021569311644867, 7.073266049409905
167, "hold on, sweet thing", "Romulus Wolf", -3.3175181566936467, -7.3594095789818805
168, "ILY", "satchy", -4.147923096786307, -0.6141595652182186
169, "Emily", "Tourist", -1.980414061655024, 3.2818602766860634
170, "Don't Leave Me In The Dark", "Vesuvio Solo", 0.9613368551892424, 7.850163839069712
171, "Ethereal Shadow", "Cathedral Bells", -2.1911343475011584, 10.342764502678099
172, "Do It Again", "Darvid Thor", -3.807340133561267, -3.1266258684093597
173, "elbowz", "FLOATS", -8.267028163206195, -0.6040205900200253
174, "Eleanor and Park", "Girl In Red & Beabadoobee", 0.1071985152924804, -10.001701717712855
175, "girls", "girl in red", -1.855538333416593, -1.1771348345163666
176, "Don't Quit", "Pure Mids", -2.896526974968851, 6.786738171095859
177, "Dream Daisies", "Quelle Rox", -1.1294478942910127, 2.7812492746898783
178, "Every Hour", "Delsbo Beach Club", -4.050048542965327, 10.843984862583948
179, "Envision It", "Gabe Goodman", -1.1970984295329854, -7.127381899926641
180, "Everything Felt Right (Midnight Version)", "Mark Redito", 4.135997459021704, -0.6904827343664778
181, "Dust", "Mini Blinds", -2.4167408141940707, -0.2240270009629282
182, "Glad (Att det √§r √∂ver)", "Mutant Gredelin", -4.805722829089595, 8.631260077632815
183, "dynamite", "Niko Rose", -3.7505258894950773, -5.671672868651123
184, "Steel Birds", "Slow Pulp", 7.940159453184665, -4.485133356931893
185, "The Message", "Still Corners", 10.258374229527385, -5.533289226268359
186, "True Romance", "Vacation Forever", 1.6640316777693267, -11.413972863847627
187, "Stress Dreams", "Ardency", -0.6893933816780166, 3.6326607472756316
188, "The Place", "Far Caspian", -3.261986892457992, 0.4259693510025695
189, "you know you (demo)", "Julian Skiboat", 4.704984845286851, -1.1927157647881146
190, "Try For A While", "Spud Cannon", 5.326117784053654, 5.616595343628282
191, "Swells", "Stray Fossa", 1.4434016247719814, -1.697948715004662
192, "Thinkin' Of", "Daste", -5.005630266635495, 2.233148436691481
193, "Tearing me apart", "Ernest Rareberrg", -4.289856810749362, 10.139734285134015
194, "–í–∞–Ω–¥–µ—Ä—Ñ—É–ª", "Love Fade", -2.0861806564178287, 10.067705050827675
195, "t-shirt tape", "ruru", -3.093474143109727, -5.400357090755632
196, "Sunset Single", "Seakid Mollusk", 2.9909970109774138, 4.085043758685466
197, "Turn Around", "Adovin", 1.1843203688379917, -13.852898986816205
198, "Telephone (feat. sonia gadhia)", "CASTLEBEAT", -0.591051971156647, -1.1275786565854051
199, "This Is Still The Place I Dreamt Of", "I, Aeronaut", 3.901459387536073, -5.788582469727439
200, "Surfliner", "Surfliner", 1.1214278951538628, -0.7551487134391952
201, "–∫–æ–º–µ—Ç–∞", "–ª—É–Ω–∏ –∞–Ω–∞", 3.8223720827492857, 1.2898337510437152
202, "Uncertainly Deranged", "Bayonne", 6.384502876394469, 9.10400609570707
203, "Autumn Afternoons", "Isai Medina", 2.965768888585575, -12.058460489714157
204, "blue valentine", "ni√±a", 0.3078145704508598, 9.68799712160911
205, "Bath", "TOLEDO", 5.145193039712592, -1.2926758188173524
206, "Albatross", "Westerman", 1.1075147621038628, -9.608307640388187
207, "blow fish", "yot club", 1.2840636766535978, 4.837185686001534
208, "Boys", "Das Body", -2.905337104385827, 4.315317366401637
209, "Be Transparent", "Foliage", -0.43482174142408386, 12.50284485007277
210, "Beautiful Son", "Husbands", -2.933829207215633, -0.16535496966821625
211, "Bad Dream", "TEEN RAVINE", -4.136426681064935, 1.6244526090108722
212, "Any Other Way", "Tomberlin", -4.6459417323389465, -3.4189650562961615
213, "Baby", "True Blossom", -0.2670901133031182, -8.622148596134165
214, "Blue Wings", "Wild Nothing", -4.548459041350201, 8.886786844922423
215, "Bad Luck", "Algoma Furnace", -1.3489713350136188, 10.423168043558112
216, "Big Rock", "Blue Wilson", 3.3552583471889634, 2.7205929442641876
217, "Bleed on Sunset", "Ghost Pavilion", -3.8401747419518877, 8.499423860935105
218, "Bike", "It Looks Sad.", -1.9471697586951902, 11.58814015962645
219, "Butterflies from Monaco", "Julien Chang", -1.509762458097428, -10.661239853974603
220, "Boys", "Spang Sisters", 9.046757331061723, -7.986426119075212
221, "Oh Susan", "Mark Whalen", 3.9107582786977457, -8.351105368423253
222, "Pourquoi Pas", "Miel de Montagne", -4.410678481996378, -5.565322975042851
223, "night & day", "Thompson Camp", 0.25322540204148747, -13.148668950659628
224, "no way !", "yot club", -1.1521638533538807, 6.956715984352463
225, "Once In A While", "Coral Pink", -3.2448469630430368, -7.723695026965194
226, "Not Anymore", "Day Joy", 4.045487507544691, -3.828697455173933
227, "voltaire", "ghool", -3.362399444487579, 0.13956125325152682
228, "Preface", "Idle Youth", -3.1811751204216825, 10.400231193222249
229, "Seven", "Men I Trust", -4.967637586129692, -4.017469495190356
230, "Oasis", "MILES BANDIT", -3.517087411090001, -2.5673874933440675
231, "Nobody Loves a Tortured Soul", "Owen Duff", -0.05581142241418365, -3.0000060049372927
232, "Single Thing", "Dead Sullivan", -0.3919583206772721, 0.8904925687730736
233, "Wash", "Floor Cry", -2.2220810310641235, -3.9865194282519645
234, "one (demo)", "hotdog birthdayparty", 1.394655343024768, -8.234758066032702
235, "Ode to Trappy", "PYNKIE", -3.2007541847872845, -2.8402248461758917
236, "not your friend", "urbanation", -2.498155282127562, -4.2717571831874706
237, "Noova", "Vacation Forever", -2.4318610407243932, 13.556719970936662
238, "Reasons", "Wished Bone", -1.739758318323394, -3.9987445365815173
239, "Oh No (Not Again)", "Jye", -1.848588739241338, -4.868602960728922
240, "Honey Moon", "Mac DeMarco", 9.58705489111525, -6.767959361197981
241, "I'm on my way", "Marble Arch", -2.4464086709610218, 12.856119252766758
242, "I'm You", "Oracle Sisters", -0.8035688055730327, -8.682765537398522
243, "Let Me In", "Plastic Farm", -3.1418367989428266, 10.295113002474976
244, "I Just Rage", "Spooky Mansion", 4.669702531928602, -0.14821335457958795
245, "karate kid", "Beagles", 0.13011277605574711, -8.452901354755602
246, "In a Field So Far Away", "Dorvin Borman", -3.5074441536389727, 11.310872789213334
247, "I Want To Be Rich and Famous", "Fenn Is Cool", -2.974256785794292, 0.5817958019314966
248, "In Between", "Jaden Padilla", 6.480402272215719, -1.308324210339626
249, "Hotel Delmano", "MUNYA", -6.42988195550473, 7.1148482768227606
250, "Lie Lie Lie", "Sure Sure", -6.220067976106605, 4.133201517288928
251, "Onetwothree", "Toast", -2.0380264022255163, -1.1373914240642526
252, "I'll Be Around", "FLOOR CRY", -3.0806022533409565, 0.48053126438540683
253, "Kiev", "FRONDE", -2.7049881902560653, -2.1515627639955905
254, "Leave Me Alone", "Ellie Bleach", 3.011612298832866, -7.49941891473711
255, "My Heart Goeth", "Gregory Ackerman", 1.4629186669419563, -13.121179224523077
256, "Sorry", "Hala", 4.8714776025604465, 8.753711036163232
257, "Opportunity", "Mackintosh", 2.9790062716346117, 1.039786734991946
258, "Look Up", "Moonlight Breakfast", 7.155016186985067, -1.3035030967669312
259, "like you", "Obie Blu", -1.8546623755847385, -6.57327121009346
260, "Lust", "Puma Blue", 1.7983361741180037, -13.218400438058607
261, "Marco", "binki", 0.16003695393233675, 11.166991602508281
262, "Lookin' For Love", "Brandon hoogenboom", -1.2025653693415725, -1.1143787015528683
263, "Little One", "Quantum Keys", 3.958438600157279, 5.448744449425893
264, "Soy Boy", "Scuba Dvala", -0.40014430822869435, 0.3743630589923188
265, "Like in the Movies", "Vlad Holiday", 2.2616114865983845, -1.0418299981865955
266, "Out of Her League", "Will Davila", 3.557009669088954, 0.1959738516293571
267, "My Old Ways", "Wyatt Smith", 0.11734504367444568, 0.5829455342775802
268, "Looking For Revenge", "Colin Caulfield", 9.496806194491409, -5.74998166242885
269, "Logout", "Colyer", -5.5678597206600715, 10.909992072775427
270, "Pamplemousse", "Flavien Berger", 1.5615308775680778, -12.25845697354956
271, "maybe", "girl in red", 4.005404899930409, -6.905226861676054
272, "Suddenly", "Kevin Krauter", -5.703347527240733, 5.166283410214346
273, "Mannequins", "Mellow Casualty", 2.069033514773888, 4.852868035717299
274, "Nick Hornby", "Sunnbrella", -1.4757471408169214, 0.16716012286083654
275, "Pasture Pop", "Bucolic", -2.8043645789928635, 5.983673526956108
276, "Meet You In The Dark", "Das Kope", -2.285690526674782, -3.7656958515120467
277, "lonely", "eddie rohosy", 0.9709720180500642, -10.9099930997521
278, "Pretty", "Girlpool", -2.3830752247516656, 9.425815334246732
279, "The Fab 4", "HOGARTH", -4.579353649635453, 8.225230317461332
280, "Scrimmage ft Sophie Meiers", "Huck", -1.4658250529791155, -9.115105390998629
281, "Shakira", "Kimbo Nice", 1.5216428664224548, -12.827525605705132
282, "Something You Can Rely", "Matthew Tavares", -2.930960597485159, 11.23751276800319
283, "Portals", "Still Parade", 2.8457503440526972, 7.9197107721730715
284, "They Say", "Evan Wright", -1.741675073595447, -8.366198979131251
285, "Portland", "Pink Skies", 3.9462495895478718, 0.41330127214785456
286, "Son of a Beach", "The Polarity", 5.267699002986958, 0.39117760930238843
287, "She's Gone", "The Quincey", 3.77575386707473, 9.492717978469312
288, "Sea Of Same", "Tommy Allen", 3.6720176398634043, 4.73891616454377
289, "Prisoner of Nothing", "Zach Schimpf", -0.5916505876293059, -7.754084164764273
290, "Self-Portrait", "Deep Sea Peach Tree", -0.5938530537437217, 7.749332381825903
291, "Feel the Same", "Secret B", -3.172827114141507, -1.4800730836110034
292, "Friends Are OK", "Walden", 0.1482374000608259, -4.428146793942907
293, "Hit or Miss", "BOYO", -4.122747615187871, 6.268071083883663
294, "From a Seed", "Collectors Item", -1.2852999608377205, -8.617302858926482
295, "Indonesia", "Divorce Court", -4.346157212985756, 4.636370051725298
296, "FLOATING", "FLOATS", -2.7541012422055164, 11.177736690215077
297, "Glitches", "Kurosuke", 5.063099069146976, -9.124090413503126
298, "Glass", "Sail Into Night", -3.005502354197152, 7.884535805502389
299, "Habit", "Still Woozy", 0.5268393195164451, -5.364345669010255
300, "Holding On (feat. Nathan Montgomery)", "Hoshi", 1.3591111329219634, 7.974894755074509
301, "Floating", "Jack Martini", 3.3427302962116987, -11.604160473568207
302, "Gone", "Jaguar Sun", -2.331008007190063, 6.803506322037064
303, "George", "Lowertown", -1.5378290195426882, 1.356276674096235
304, "Good While It Lasted", "Old Man Canyon", 4.150647116138963, -3.3640435771843387
305, "island in the sun (cover)", "rin", -1.513725471510191, -8.512593835456409
306, "Half Asleep", "Shelter Boy", -2.3835959036474126, 12.200014983848899
307, "Good Time", "Das Kope", -2.7317969664403203, -4.390780444556682
308, "Your Car", "Red Ribbon", 4.037615758964394, 4.976067470971783
309, "To The Dogs", "Shikoswe", 5.345310981509943, -7.5742654062824135
310, "Taste", "Spooky Marvin", -3.9119420785335177, -4.4931818760188635
311, "Tea Girl", "Andy Burns", 1.657099557098804, -10.957210007462896
312, "Sober", "Daste", 2.6798371330061475, -2.7924981543020784
313, "Speedial", "Nardeydey", -4.448838521219787, -1.7340409657637237
314, "Tobacco", "Rnie", 6.832957488749132, -2.0476499275198754
315, "Waking Up", "Sorry Girls", 5.730841311164159, 9.348043292914472
316, "Special", "Daniel Downing", -4.0371175721566495, 4.143888452460914
317, "Torches", "Ex Olympic", 4.2210539296681135, -2.2269847514382337
318, "Television", "James V", 4.73317481588633, 1.155400358893891
319, "Spotlight", "MOVI", -1.7389631004755743, 7.401322938823408
320, "WASTE AWAY", "SANDS", 1.372380924578532, 8.041546153458087
321, "Stardust", "All Things Blue", 3.0131848741205713, 5.949253241373031
322, "Spelling Lessons", "Birch", -1.9685604862210562, -5.622043595118206
323, "The Darkest Time", "Charlie Lane", 7.573995251550445, 3.417487985627326
324, "Trails", "Lost Cousins", 0.9299537780463617, -12.022972537886307
325, "What You Said", "MAH KEE OH", -1.1539898311731247, 5.988808384961665
326, "Sunday", "Emmett Kai", 9.293688173381783, -6.936253371478648
327, "Encino", "Elna Rae", -2.7249813435458132, 9.34506421789214
328, "Crying On The Subway", "Hana Vu", 8.000390302013374, -5.289717820681365
329, "Comrade", "Island Fox", 0.999505865290569, 12.07865136605204
330, "Dear 2018", "Lewis Evans", -3.7097260712494315, -4.930224533922516
331, "Don't Look Back (feat. Shownu & So!YoON!)", "PREP", 4.431087691792575, -7.790690166187936
332, "Death, Cranked", "Pro Teens", 1.9995195140223785, -10.667949308987122
333, "Dream Crash", "Astronaut Husband", 2.2049777030980398, -6.761213974882044
334, "don't look now", "conor lynch", -2.9245167667945253, 9.091751437399884
335, "Escalator", "Good Morning", -0.8793058888328438, -3.6308272910953883
336, "Doggo", "Herbert Walker", 1.2472035583715226, -6.9625610516095975
337, "Defenders of The Glam", "Morabeza Tobacco", 2.600692935434696, -1.467554203396482
338, "Dance it Off", "new body electric", -2.050123557192167, 3.1579400669392044
339, "Deep Down", "TOPAZ", 2.6074799648382783, 7.9398958618447715
340, "Down For Whatever", "Acid Smoker", 5.342665725583203, -0.03734050818752967
341, "didnt know how", "boomerang kid", -5.367174914469177, 9.066786944437872
342, "dreamer kid (prod. CRCL)", "rosebud", 1.9950806070808487, -6.209101434384131
343, "Dawson, NM", "Sharkey Barcus", -3.1309407701576975, 7.755207068840764
344, "Don't Stop Running", "The Dig", 4.811368915347091, -9.405744764969942
345, "Distant", "Triathalon", -6.02299481163447, -0.07678613765114688
346, "Far Away", "wes", -3.0828347241330962, -8.377154843627613
347, "DREAM GIRL (Ft. JAKOBEE)", "bonitoboy", -2.179025372141623, 5.576899331162508
348, "Fried", "Fishing in Japan", -1.8952683302943365, -11.237727610614582
349, "Dreams (I Don't Know If I'll Ever See Her Again)", "Gregory Ackerman", 2.096514297737913, -12.39075346864522
350, "do u go out together", "Kate Bollinger", -1.9833007333744872, -7.99601850149084
351, "Until Later", "moonweather", -3.348250035714959, 8.908868385713225
352, "The Man Of Your Dreams", "Orange Joe", -2.8116313269218103, -10.828206598154708
353, "Wait", "Billy Lemos, Still Woozy & Blake Saint David", 10.090000423608858, -6.4621693678810495
354, "This Time Around", "Jessica Pratt", -0.47528089106362076, -9.66015971388311
355, "Wildwind", "Young Dreams", -3.1711209765980866, 8.430301522940487
356, "Woof Woof", "ARTHUR", 0.24293618970695263, 3.9236229299935643
357, "Time", "Secret B", 1.7443243992042397, -9.935778609439753
358, "Warm Animal", "Sure Sure", 0.9719475534559715, -6.275820590398696
359, "Wrangler", "Cool Sounds", 6.8129246962810575, 1.708594599075357
360, "Waste Ur Time", "Marsandaras(MARS)", -1.951909752865533, -6.30897208270952
361, "time", "Talamak", -4.7507216479964445, 0.8174297660049464
362, "Yellow Teeth", "Drens", -3.9296363246008497, 12.335251187978335
363, "watch you sleep.", "Girl In Red", 0.9680118598171987, -11.787528894143643
364, "Time is Wild", "Phogg", 1.930952357276954, -4.525097940507093
365, "My Favorite Fish", "Gus Dapperton", -7.965089098732466, 1.5834422191364663
366, "Nobody But You", "HighSchool Jacob", 1.6422643651000288, -13.789894664380247
367, "my heart is a piano", "isabella fortuna", 0.8028840977047326, -12.340389487594237
368, "Perfect Shapes", "Madeline Kenney", 4.818320267249093, -8.528974663612217
369, "My Drunken Ghost", "Old S Resort", -1.4032046799242557, 1.2038119733729609
370, "Times Not a Thing", "Daniel Hats feat. Sarah Zwaagstra", -0.46562850267788747, 0.8924800355607454
371, "My Woman and Me", "Earthquake Magnificent", -5.874442270841811, 6.3229438575182915
372, "Not Going Back", "Henry Nowhere", -3.6438773173374677, 5.665698441037116
373, "Need Your Comfort", "High Sunn", 7.127749596583166, -9.636597358898486
374, "Pistachio (feat. Rin)", "killkiyoshi", -0.25010912493497117, 0.35726012349598935
375, "Reflex", "Nick Dorian", -1.1223403497584155, -1.6136627860176278
376, "All The Time", "Mark Whalen", -4.110414507124153, 3.9758356223186975
377, "A Dizzy Setting", "Slow June", -0.6833596357782991, -5.64809521849209
378, "1994", "The Vernes", -1.3048156730816372, 2.882441583463153
379, "All", "Wesley Jensen & the Penny Arcade", 0.11189122397592703, 8.363760921342802
380, "Beauty Sleep", "AB001", 0.37750953812067767, -12.817511967348667
381, "A Part Of You", "Andy Altizer", 4.512875132830472, -10.172198858087198
382, "Another year", "Coral Pink", 2.263645963311909, -11.82181829223609
383, "Acrylic", "Fog Lake", -0.5099500509792131, 4.238372514476895
384, "Angles", "Niko Rose", 9.963545110785095, -6.822039460354826
385, "Always", "Oracle Sisters", 1.1485741272129495, -0.742528332474116
386, "Adam Driver", "Sipper", -3.1332867352859375, 0.4104016017023262
387, "Angely", "Elna Rae", -2.6073715762339775, -1.9967600848775064
388, "Are U There", "Fern", -5.669441696704843, 2.809613209340718
389, "Again", "Jaguar Sun", -5.629992218576523, -0.7695017286484487
390, "Before the Time", "Shadowgraphs", 3.1683141775848838, 2.809320212187447
391, "At Home", "Slow Pulp", -2.2125089390483614, 9.770862773658038
392, "As Long As", "Still Parade", 5.538070945538194, 10.310093067226312
393, "Above Average", "TEEN RAVINE", -3.6321602295427806, 6.863608202982195
394, "Attics", "BOYO", -2.416379329604158, 4.5545389068126
395, "Been Thinking", "Fishing in Japan", -5.421671161361472, 4.596262061551495
396, "AWAY", "MICHELLE", -2.1960554581437712, -9.611738434412942
397, "Best Friend", "My Friend Alan", 2.518593558266817, -7.397097910871241
398, "Flower Bed", "Samuel Arnett", -2.942498003565024, -0.7235725856344488
399, "Hebrides Memories", "Spang Sisters", -3.1148009730203143, -4.452952341066223
400, "Dreamlands", "Still Corners", -0.6493494310228549, -1.2114013941437365
401, "Fading", "Swaine Delgado", -2.7740434658530506, -6.773411195642162
402, "Drive", "Dead Sullivan", -2.8079571567690107, 1.2169823072839177
403, "Falling For The Wrong One", "Dreamer Boy", -1.1325832347066869, 7.589740735837975
404, "For Worse or For Better", "Jordan Gallegos", -1.5106671169277421, 11.38238613034006
405, "Feel Nothing", "Mesa Luna", 6.455492754531401, 1.7789303384454478
406, "Falling in Love", "Mouse Trap", -5.249821629832086, 1.941510784275572
407, "Helmet (feat. Melody Rose Murray)", "Noah Salem", -4.239969447484524, 0.13555019992034745
408, "FOREVER", "TRIT95", -1.403852927269475, 11.43541313536818
409, "Fuzzybrain", "Dayglow", -1.4304487734614666, 0.11917756353669362
410, "Far Out", "Fort Jams", 7.008274118801891, -1.0130974527326775
411, "Come On (You Know That I'm a Fool)", "Mk.gee", 6.164626704221683, 9.303506552587008
412, "Catch 22", "Send Dudes", -4.891205818770439, 3.298090068073259
413, "CRYPTK", "The Solarists", -1.9330587332147673, 8.141483366154565
414, "Carpenter", "Wesley Jensen and The Penny Arcade", 6.474576681137538, 1.8422317113514086
415, "Daydreaming Pilot", "Alex Siegel", -2.0617271334843887, 0.31556842522499523
416, "Both Your Hands", "Blue J", 1.1659108455453255, -5.447103094076977
417, "Celia", "Indigo Bunting", -1.0478228498903783, -2.1814756105968827
418, "Change (ft. Julian Skiboat)", "Raymundo", 2.743532969857614, -12.811789057391772
419, "Citrus", "Rnie", -0.36005873397841454, 10.413718377103145
420, "Cool", "Swim Camp", 2.353757294589523, -7.544940169418653
421, "cold calls (demo)", "Winetasting", -0.08473769723091959, -2.0645696281840245
422, "Closer To You", "Amo Amo", -2.6255308521215626, -0.20763518774619538
423, "Later", "Alex Siegel", -1.3109605760621887, 3.6194452815373115
424, "Lonely", "Hear The Taste", -0.31241992530171303, 7.795477970518619
425, "not so sure", "jindie.", -1.0313251058290993, -0.2929135024784943
426, "Little Love", "Maddie Jay", 2.7482808149711375, -7.438386969969891
427, "Someday", "M√ºnechild", -7.575928631729473, -3.9470834985473493
428, "Lanterns", "Orchid Mantis", 2.1663811673293796, 7.6935645451784405
429, "man", "tiny prince", -1.0316720872794354, -11.287603978196646
430, "Living Under", "Bucolic", 6.429747696863749, -2.9547630141370043
431, "Nothing (Ugly Ghost Remix)", "Derek Simpson", 4.133413363615658, -11.949509964951675
432, "Like Mariah", "Homeshake", -3.5262391429976465, -8.392625184341266
433, "Me & You", "Jordan Gallegos", -3.155377753773562, 9.31312599798459
434, "Somerville (Demo)", "Julien Chang", -1.3027358624527035, -4.335214420327852
435, "Low Light", "Leisure Club", -0.7031977180613619, 5.575312749210527
436, "In & Out", "Moon King", -5.959584584851016, -7.449112699647682
437, "My Body", "Saunas", 2.9435653592310884, 5.771404086517808
438, "Good Men Change", "Secret American", 0.5458589746216299, 6.781317055830029
439, "I Didn't Know", "Skinshape", 9.987954067466989, -5.904623762269645
440, "In My Head", "Tear Ducks", -5.190130471658308, -1.5754190288108445
441, "Having You", "The World of Birds", 0.06345817007240877, 5.646247612015908
442, "HouseHome", "BOYO", -4.558035079972657, 9.124800227003467
443, "Never Say", "Cape Weather", -4.693299099013627, 6.949243213733438
444, "Good Thing", "Henry Nowhere", -3.4310604328630427, 5.113399149179462
445, "Heroin Song", "Jadu Heart", 1.0162631821732808, 3.283366291005262
446, "Intimate Sunset", "Jaunt", 0.3713016103023687, 3.6928356877803696
447, "In the Morning", "Kidi Band", 5.197150788413431, 7.87973691345477
448, "i feel like chet (lofty & ayeon remix)", "mxmtoon", 0.2231078334076139, -9.751165097081131
449, "Graceland", "Das Body", -5.5031284694865334, -4.303931561814539
450, "Night Lights", "Karl Fitzgerald", 5.725497277886154, -5.457346347323939
451, "Hypocrite", "Mid March", 2.5195173984234205, -7.591446727436945
452, "Is It Too Plain To Ask", "Nikolas Escudero", -2.5590215218849686, 8.625346688106434
453, "Hide", "Part Time", 9.905172516814947, -5.905702328410615
454, "I Shatter", "Tomemitsu", 4.552634243410551, -7.778954964544841
455, "Interstate", "Trey Boyte", 3.3472220492071156, 6.756400540824991
456, "No Need To Talk", "AOP", 6.151088156097418, -1.078529647911454
457, "It's Been So Long", "Beach For Tiger", 6.118387066722725, -4.054747634652922
458, "Kids", "BUHU", 5.04244666577547, -8.410671903854126
459, "I Think It Might Be Hell", "Clarence James", 4.666754634905339, -4.995633393641399
460, "Happen Twice", "Mark Whalen", -1.9005331331970374, -1.3650129569760339
461, "Doce Violeta", "Winter & Triptides", 0.18357682099326025, 8.761713354541094
462, "Fat Duck", "Rose Droll", 4.335328722340276, -4.521811617365866
463, "Easy", "Hovvdy", -4.195641403820737, 5.306008195250971
464, "Freaky", "BOYO", 10.21669274878475, -5.657713173653638
465, "highschool", "pizzagirl", 3.220181841996882, 8.361579261252125
466, "Grateful", "High Sunn", 4.533785692998871, 6.4955630579551284
467, "FOA", "wwoman", 3.754379971594008, 7.444781932393458
468, "Hollow Hearted Hands", "Dear Japan", 4.737142034257893, 4.545357980404085
469, "I Wonder If You Dream", "Soft Powder", 1.3021977616238185, 6.934553947506604
470, "Just A Boy", "Edo Storm", 8.011078121172883, 0.03802408145816834
471, "ORION", "JAKOBEE", -2.885501224527915, 0.5271225681390019
472, "It's All About You", "MUNYA", 0.6900285373130752, 8.380675424111935
473, "Kind of Funny", "Small Forward", -1.1907972656935608, -8.515714793367412
474, "Run Away", "Old Man Canyon", 3.2210393395154022, 2.8322510603662456
475, "Sad Movies", "Still Corners", 9.993755128332072, -6.009208367263319
476, "Staircase to the Soul", "Weston Smith", 6.739465586103268, -0.46898025613127486
477, "Sans Cesse, Mon Cheri", "Domenique Dumont", -2.827630740831397, -6.532617081618477
478, "Take Me Away", "Johnny Goth", -1.2174590206874356, -8.373696402490415
479, "slow deal (demo)", "Julian Skiboat", -0.5306799002253461, -7.724937741064033
480, "Persona Party", "Pet Shimmers", -2.5454007287445193, 12.706118964125885
481, "People In My Head", "Rock Eupora", -2.463460748538096, 11.96493829997255
482, "Sanctuary", "Ruby Haunt", -1.9559420657302413, -6.135496542615665
483, "Perfect", "chico", 2.1039016782271807, -13.03121502264044
484, "Tank Town", "Many Voices Speak", 1.5293912422157896, -12.109163950486824
485, "Snowfall", "otom", 1.4509485141509018, 6.281134863252002
486, "Today (ft. Teo Halm)", "Omar Apollo", -8.393370963142074, -2.946743748600472
487, "Toffee", "Beach for Tiger", -2.9371306780450346, 2.981622386316605
488, "Room Gloom", "Los Retros", -1.2756948252715947, -9.87835392350043
489, "So What's Up", "Ray Newlan", -3.4503617407666627, -3.271531211496236
490, "quiet love (ft. yellowbug)", "seppakid", -4.685175698753196, -6.271081278607769
491, "Tearjerker", "Small Forward", 4.821429969954015, 9.147977616212872
492, "Shotgun", "Sonic Blume", -6.578192104479529, 10.569376964170695
493, "requite the love", "Banzai Florist", 7.284294627740144, -3.7284319546307065
494, "Tease", "Brace! Brace!", -1.2325371171311437, 8.086646384460405
495, "Tokyo kyoto", "Cornelia Murr", -4.4224610429924285, 2.926199274230646
496, "Summer Daze", "Georgey V", -3.8096954886039494, 5.629225291019367
497, "Skytop Garden", "Johnny Utah", 2.905191767943038, -12.114385034827398
498, "Saturdays", "Simen Mitlid", -2.5702732364996077, -8.47437672560396
499, "Instinct", "Private Agenda", -2.5362025124797722, 0.48608321059979237
500, "Insufficient Funds", "A Place To Wash My Hands", -2.9436047506122436, 0.9881972766831771
501, "Leisure", "Good Posture", 0.6959801293575307, 2.591483941159165
502, "Just Like My", "Homeshake", -2.8859670143446756, -8.346246423040078
503, "Really Meant", "johnny utah", -1.139745017165134, -9.494476381167555
504, "I'll Stick By You", "Marlin's Dreaming", -2.498541851820376, 3.4495992365820016
505, "Malta Smile 55", "Sugarplum Fairies", 3.3602783289752782, 8.106355597636192
506, "It'll be ok", "Tom Wilson Kellett", -2.690507956425882, 1.1479680604342757
507, "Marry Me", "Farao", -4.2796702566004825, 3.4276463296464437
508, "Let's Have A Party!!!", "LAN Party", -0.6890645582917548, -12.773770648618727
509, "In Between", "My Friend Peter", -5.785648387919877, 0.12344596974350326
510, "Sequence", "Pampa Folks", -2.3004467128479824, -2.307131553271653
511, "I've Got To Leave", "Peter Campanelli", 1.0774436637936387, -13.624605390349018
512, "die for u", "petal boy", 0.06775482488562577, -11.67528569682725
513, "Don't Mind", "Tender Age", -2.51422042427386, 13.332110115998674
514, "Cari√±o", "The Mar√≠as", 8.125308413612029, -7.262419428027009
515, "Control", "Aaron Taos", 1.3235273907296097, 11.224689558250557
516, "Daytrip", "Current Blue", 10.749129033673205, -5.156624750730329
517, "Different", "family reunion", -2.0873233177886683, 3.9066524528964046
518, "Currently AvoidingThere Is Something Left", "I, Aeronaut", -0.6588948977296715, 5.385152255895377
519, "Drift Away", "Jye", -1.5376786873107833, -0.2980085379798726
520, "CATCH ME (DEMO)", "LIAM", -1.3519165830999036, 4.239492005813648
521, "Dancefloor", "Mary Glenn", 6.507698813074468, -10.436716864967002
522, "Drivin'", "Boyhood", 3.967402564670958, 4.167602159802745
523, "Digging Up Worms", "Herbert Walker", 6.291949539339527, -3.7083076529912513
524, "Crazy For Your Love", "Johnny Utah", 7.0308883666669555, -1.3837160390651653
525, "Chances", "Many Voices Speak", 6.413160349867983, -2.9702783257301233
526, "Daze", "Night Channels", -4.511483785443684, 5.9032589859356905
527, "DARLING", "SANDS", -1.2302227451887315, -2.85214777863914
528, "Dizzy", "Tim Atlas", 0.5202603496488838, 1.5509398622619632
529, "death & texas", "buzz cut", -2.7699486346669073, -8.027602354189817
530, "Cloudy", "DREAM-LIKE", 1.8950130452590497, 3.086381946019254
531, "Crestfallen", "Go Hawaii", -2.8141117328376692, 8.211340886163756
532, "Disko Lyft", "Karl Fitzgerald", -1.3496204015862543, -6.532631475792184
533, "Don't Keep Me Around", "Maybird", -2.8326983552840046, 2.463176111533454
534, "Dead End", "Swim", -3.553912362077028, 5.478136201459166
535, "empty house next door", "yushi", -0.15515116781678176, 0.07577603389290949
536, "No Secrets", "Nolan Garrett", -5.923006004358963, 3.359106570118665
537, "Martial Arts Washing Cars", "Oro Swimming Hour", -4.294671298517238, 5.247576940368254
538, "Synthetic Love", "retrospect", -2.7328595701958314, 1.934642556583007
539, "Melted Candy", "Abyssal Bliss", -1.067166677293152, 8.63389196245094
540, "Take Me Away (feat. Dent May)", "BOYO", 1.4424311200620055, 6.603063559837172
541, "Love üêé", "DoM", -3.224693308242221, 12.898489678063873
542, "Nothing Could Be Better", "Homeshake", 1.0255305284332938, -9.353264695730063
543, "Masters of the Universe", "nudista", 1.9376409884253951, 7.4565599038637576
544, "Permanent Honeymoon", "TEEN RAVINE", 0.9289902921540802, -2.5494195705328337
545, "Lonely Type", "Wasuremono", 4.3175860705161595, -1.9233612263804813
546, "Lost And Alive", "Daggy Man", 1.6712876949102498, -8.956280135538238
547, "Maddy La Nuit", "Flavien Berger", -0.9958285393155678, -12.957674100984683
548, "Miles", "George Adamson", 3.4446638078840532, -0.48650348988245956
549, "Pictures On My Wall", "Jawncarlo", 4.719663278775238, -6.181757853833651
550, "Maya & John", "Josh Augustin", -3.4940373626200247, -3.6388003368503434
551, "nxt week (feat. silver)", "LAN Party", -1.3759737241257224, -11.293618145629488
552, "Take the Doggie", "Shy Boys", -4.536102134548786, 7.868135115098905
553, "Pigeonhole", "Alexei Shishkin", 1.3390830114659216, -4.159170632097872
554, "MDMA", "Bimbo Delice", -5.24581657203312, 12.440309550325718
555, "Luvonwiels", "JAKOMO", -4.576204277741111, -9.436519377629832
556, "Modern Work Of Art", "Ran Pink", 6.439078873076, 1.6891681943111634
557, "Too Lucky", "Leebone Phillips", -0.30755262516238974, -10.851839596108722
558, "–æ—Å—Ç–∞–Ω—É—Å—å", "Lovejoy, 1973", 4.011099286939438, -12.056220142925909
559, "That Breeze", "MMBLR", 3.4924613512472003, 5.102111023916033
560, "Ëûç„Åë„Çã", "GeGeGe", 3.6744024277666916, -3.2075656634266787
561, "Swimming", "Kero Kero Bonito", -4.440880251070816, 11.12198579280836
562, "The Day I Wanted To Die", "Michael Seyer", -0.0797922018984675, -11.741528855628754
563, "took a while", "NEIL FRANCES", -3.8223120241481756, -7.389939996257646
564, "Velvet", "Tropics", -2.5981023281609503, -0.6493276958810037
565, "Venus Flytrap", "Feng Suave", 3.4992603224507617, -4.5048351003610945
566, "tuesdays", "pecas", 3.667249634288591, -6.405966524284027
567, "The Middle", "Psychic Love", -7.010279382751957, 1.956599217950565
568, "Swimming", "Ultracrush", -5.022172168849076, -1.8101907972709923
569, "Symbol", "Adrianne Lenker", -5.820069221638562, 0.1562538229739756
570, "The Sweet Smell Of Bridges Burnt", "BatWhaleDragon", -0.479407071911774, -6.468888101698538
571, "Vicious Children", "Couch Jackets", 4.061540946041713, -3.8842757176503935
572, "Under Wraps", "Her's", 5.167067374226098, 3.8009294656038795
573, "Underneath The Moon", "Gardens & Villa", 6.6537698432118795, 9.000908707962296
574, "Volcanic Winter", "J Fernandez", 4.0571093250066035, -4.12510641535398
575, "Til' The End", "Noodle House", 4.250104088702001, 7.13667601813032
576, "Taking It Slow", "Prangar", -3.1746720099588863, -6.1035367336194195
577, "volvo", "alright jon", -0.6167772890115034, -3.0918674715998877
578, "tonight you belong to me", "hexmum", 1.9942662872298142, -8.874090247933365
579, "Tell Me", "Lava Lava", 4.528849974223127, 4.443782794731829
580, "Blue", "Far Caspian", -3.877915995224363, 2.984095994186872
581, "Blue Bell", "Golden Daze", 4.4006517113355725, -8.239318082935537
582, "Bambi", "Hippo Campus", 1.5123646478333572, 3.6104747258502337
583, "Bold", "Jackie Cohen", -4.814443796471716, 6.334559981441576
584, "Cant Be What I'm Not", "Keagan Beresford", 0.9301353815643885, -3.4918723152709004
585, "Byron Bay", "Star Rover", 4.132844175377896, 6.290455355541818
586, "Bad Love", "Stephen Steinbrink", -5.512298715951113, 7.238538898910468
587, "Circles", "Berdmajik", 0.07911389923976843, -6.361131923739664
588, "bane", "coop", -0.3024043876612455, -3.7981870781287577
589, "BMX", "Hemhora and the Glass Band", 4.144775822313596, 0.22556124649154888
590, "Caboose", "Strange Parts", -2.6309180052935313, 12.969953620676236
591, "Bottled Up", "TENDER", 4.240327544240471, -7.023728276929405
592, "Bed Time Stories", "Tessalonia", -4.64928586344997, 5.292076036461217
593, "Blue Flowers", "Xinxin", -2.5983421995390756, -6.794083400371701
594, "Barcelona Boots", "Arlie", -0.06726784590485121, 6.835087625597892
595, "Bones", "Frog", 0.7709203108186189, -1.711640439987289
596, "Catalina", "Jamws", -2.023990240249922, -3.2648709878151774
597, "Bottom Step", "Living Hour", -4.887787815813484, -0.645004061037362
598, "Circular Motion", "Pink $ock", 2.6452914296832692, -10.152507834394005
599, "Below", "Renata Zeiguer", 3.473110007427328, 5.075722951672082
600, "Cola Falls", "The Mary Onettes", -0.9481330088233036, 1.431613497962131
601, "Numb", "Beach Tiger", -3.4686159577405133, 9.284300961403984
602, "Welcome To LA", "Chi Runner", 2.1762360942136665, 0.7565386918290878
603, "nothing i can do", "chomonos", 1.1837865072879377, -10.701295322839696
604, "Slippery", "Discount Sunset", -0.6523748962689813, 5.217148487452707
605, "Requiem  Panegyric", "Haunted Summer & Avi Buffalo", 1.4703788850341226, -11.492091860774414
606, "Ordinary", "Luke Reed", -2.2331651189922694, 13.761437690283424
607, "Right On Time", "Andrew Goldring", -0.3902161775748015, -7.124827418289963
608, "Papa Fly", "Berta Bigtoe", -4.849596254515934, 7.090871248129726
609, "Ocean Blue", "Cut Copy", -3.9457911789924807, 9.385906674051643
610, "We'll Be Alright", "Losing Louise", 3.5902010037854137, -8.843019019786826
611, "oh my bad", "niko rose", -1.7133124161165996, -7.484009375423036
612, "So Far Away", "Part Time", 8.942495622525149, -7.000806243547989
613, "Ova", "Stevan", -2.791684288620654, 10.728059888438237
614, "Soft", "Babygirl", -2.969467127295238, -2.2686294329332988
615, "Nothing", "Clem Darling and the Astronauts", -2.7096028440424966, 12.759885859572446
616, "Neuromancer", "Husbands", -2.3948996063212715, 8.96391767595744
617, "Trees", "Organised Scum", -2.0665628290870157, 1.1391198222308798
618, "Mystery Hour", "Pavo Pavo", 7.518128731447178, -2.3913370581947535
619, "Reminders", "Ritual Talk", 7.334903895808259, 4.8206735827827645
620, "Not Much Room", "Thandii", -5.516406548403014, 8.143889803914627
621, "Places", "Twist", 5.46550152965749, -0.15429239885671148
622, "New Jerusalem", "Cam Maclean", -1.750104841171832, 1.5595994145838923
623, "Nothin' But Net", "Canaan Lopez", -0.9727279632937407, 0.8545428929938467
624, "u & i", "cbarrgs", -1.9126598334619285, -8.199322293550177
625, "Please Don't Go", "Country Club", -0.755218914915831, -6.037052218243994
626, "Neighborly Park", "Fevergreen", 1.9535375275581988, -6.524664098429332
627, "RIGHT THERE", "freddyboy", 4.768491144555482, -8.06671883545342
628, "Nothing Interesting Happens Ever", "The Boards", 4.474512447048706, 6.066429090856935
629, "pop !!", "banzai florist", -7.3291050641174005, 0.4922319616366264
630, "Nothing (Ugly Ghost Remix)", "Derek Simpson", 0.7434323095225222, 0.5144277214330577
631, "Odes", "Diskret", 1.1618208283813272, -13.95009716955312
632, "Rise", "Helena Deland", -0.5716562339283489, -8.97151176341055
633, "No Good Broke", "Madge", 3.3130061460352924, 3.9737595696529335
634, "Next to You (feat. Kazu Makino)", "Sam Evian", 4.888189413975339, -7.999300683463032
635, "Undeniable", "Vuvu le & SPACE VU", -0.17182068558123612, -12.557343690918254
636, "Now (Summer Heart Remix)", "Bliss Nova", -1.7943696713242396, 8.536681779272769
637, "Untitled", "Gussie", -3.642813280692079, -1.8676344800500195
638, "green tea ice cream", "Matt DiMona", -0.9795234492827165, -7.087591984760014
639, "Golden Years", "Neighbourhood Relations", 6.920919810738872, -1.315471063008543
640, "fade into you", "ni√±a", -3.4520689132874653, 3.040867193373993
641, "For A Fool", "Rina Mushonga", 1.9096095260221082, -5.645303333350618
642, "I Wanna Know", "Secret American", -1.5253235166612251, 10.59918214255668
643, "i'll be there", "ARIEL DAYS", -1.9029103081429282, 10.868567197968199
644, "Good Souls In Rabbit Holes", "Cottonwood Firing Squad", -4.805897777403204, 4.170112648744747
645, "Fall Off", "Hater", -4.424256093853186, 0.9810512519344001
646, "From My Window", "Pale Shade", -2.214038799875038, -6.428404105448948
647, "gymnasium", "Pizzagirl", 3.423318679758176, 4.907456131504719
648, "Forever", "Winetasting", -1.7162584611223612, 6.232767221823189
649, "Forget It", "Worn-tin", 5.916548114646836, -1.7031178967370109
650, "Gaining Weight", "Boreen", 6.740741889225712, -10.050520811019254
651, "Gypsy", "hana vu", -3.2599309874644744, 5.350714619730234
652, "Friends", "Los Retros", -7.08514144220179, -5.178884906147625
653, "Hang", "Merk", 0.009610846246005299, -5.123378381703173
654, "Fantasy", "Miles Bandit", -2.2291932954359774, -8.952268107921638
655, "In The Grass", "Ocean Potion", 2.3888780188057193, 3.134088016248256
656, "Gates of Cool", "Purr", 5.737160375892238, 9.439190405473267
657, "Habit", "Brandon Hoogenboom", 1.960790609255835, -7.430798070844597
658, "Get Out", "Darvid Thor", -1.1670639761115857, -5.059525885238043
659, "Gauze Cave", "Desert Liminal", 3.5653287489271603, -7.282473361578207
660, "In Your Car", "Free Cake For Every Creature", -0.6870757026182317, 2.238430236852746
661, "get through the night (prod. Wes Park)", "katie smith", 10.109796204074422, -6.090763776788936
662, "Flowers and Balloons", "Magic Honey Love", -3.189833078246275, -5.022033627127943
663, "It Might Be Over (feat. Avid Dancer)", "Modern Nomad", -4.771521352149582, 7.80948646392435
664, "Harvest Fair", "Summer Salt", -0.36240678396079606, 7.17887965973137
665, "How Can I Love You", "Yellow Days", 9.413039141102258, -6.077421373233843
666, "Let's Go Outside", "Far Caspian", 2.233465049647635, 6.39394201740548
667, "Head in the Clouds", "Hot Flash Heat Wave", -4.127647951453616, 6.4675058946577515
668, "Greensmoke", "Imugi Ïù¥Î¨¥Í∏∞", 2.549383610856234, -0.46835788223813335
669, "Flying Colors", "Steady Holiday", -3.9948683187391016, -10.158566499328684
670, "I Feel Love", "Summer Soul", 5.359425347378637, 2.777348265143424
671, "Greater of Two Evils", "Tumaca", 5.2347875488800275, -3.357750723479398
672, "Gun", "World Champion", -3.8747898671690577, 11.278128477986328
673, "Hold The Fort", "Berta Bigtoe", 2.7906154970558075, -1.1765356641569524
674, "Hmu", "Deaf Dreamer", 5.3498146461191265, 9.028499085789761
675, "Groovin' With The Eternal Now", "Fenster", 0.31341629450480935, -12.411525057618926
676, "If I'm Gone Tomorrow (It's Because of Aliens)", "MUNYA", -0.4521581092840471, 7.9872586308216125
677, "Guy", "Remi Wolf", 1.3396387703268453, 1.456559510716237
678, "Letting Go", "Wild Nothing", 5.6352449031897, 9.37215391012642
679, "Albatross", "Star Horse", 2.0608730353912, -6.815370217728194
680, "ABQ", "The Mar√≠as", 8.696490339602066, -7.31654733479908
681, "Bella", "BOO", 7.889119322687668, -4.260049717656589
682, "Are You Laughing", "Daggy Man", -0.7319577034999536, -8.997615771408494
683, "Baby Teeth", "Deal Casino", -6.396129557469758, 0.9905209583212374
684, "Better Saturday", "Ornament", -2.8639190490319963, 9.31012015432488
685, "All Good Things", "Son!", -0.23476762036427362, 2.848846526858957
686, "Backdrop", "TSUKI", -2.2299164550188824, -8.325068331420768
687, "Ain‚Äôt Gonna Call", "Yellow House", 2.494972014448949, -6.184076289991778
688, "Ambro", "AGORA", 1.327763214551403, -8.067033460351755
689, "Aiyana", "Dreams We've Had", 1.3858950705314805, -10.464818380277453
690, "Blame", "George Moir", 1.739044621882774, -2.7239340927127995
691, "Bittersweet", "jovi van brooks", -0.48154620235071677, -8.178439394689807
692, "Ask Me Anything", "Neil Frances", 3.1524330166754138, -2.5020527605913947
693, "baseball runner other worlds", "sundiver", 0.4367482991536066, 7.917758040553291
694, "Bath", "Toledo", 5.145193039712593, -1.2926758188173524
695, "Be Like That", "Acid Smoker", -2.999648878337291, 12.139916228277196
696, "...Something Like That", "Airline Food", -1.774615097829926, 1.8748399809974212
697, "100% (feat. Yumi Zouma)", "Boycrush", 3.670414834762419, -8.77382861669561
698, "49 Years", "Club Kuru", -4.186874385080322, 9.976597612941669
699, "acid rain drops", "digigurl", -2.236182362665218, -4.328917034605399
700, "5th Season", "Ether Teeth", -1.5229898890861124, -2.7091187417991818
701, "3AM", "Feyde", 2.7770612914421497, -6.351375993151615
702, "24 Weeks", "Wardrobe", 0.3627163413845629, 4.8878779334626445
703, "all because", "freddyboy", -1.6831779209334272, 6.513708516538379
704, "A Clubber Lang Fan", "Gentle Ivanhoe Death Skulls", -3.3937046224271854, 7.61534390827586
705, "4 Yr Love", "Henry Earnest", -6.40131994825136, -6.259809649405624
706, "Act This Way (ËøôÊ†∑ÂÅö)", "lounge FM", -3.404899824075119, -6.4284683665598195
707, "34th & West", "Perhapsy", -0.1182593858028938, -1.283043273464561
708, "Aftershock", "Summer Heart", -5.465768207660579, -5.871608443810579
709, "308", "Swaine Delgado", -2.1376048576373146, -6.221378094929652
710, "A Passing Phase", "Cathedral Bells", -2.6926227883050204, 12.4462414336492
711, "Abyss", "Dustin Lovelis", -5.042624221827839, 9.651526428024512
712, "Coolest", "Colyn Cameron", -0.09356490660497681, -11.66735011558143
713, "Boys", "Phogg", -3.6378445954294776, 7.179427941968907
714, "Cherry Pie", "Ponytails", -3.543419609725014, 10.170614293104475
715, "Cold Light", "Soybomb", -0.260534422358526, -0.5789369504610841
716, "Days To Remember", "Video Age", -3.9343929258050077, 3.3385884696572843
717, "Boys Got to Go", "Broncho", -2.134794220821282, 10.70327834642891
718, "Communication", "Disq", -0.5659183771336254, 6.445966507065795
719, "Cold Hearted", "Ead Wood", -3.9264941646947555, 0.4630534773205999
720, "Clearing", "Jo Marches", 0.024840130959009745, 5.353984081192291
721, "Come With Me To Infinity", "namurachi", -1.5916629951804835, -6.228376712117885
722, "Deep Seated", "retrospect", -2.2842578966533393, -5.675380282404686
723, "Cycles", "Worn Tin", 2.8432606835757914, 6.262315145754042
724, "Conversations", "Far Caspian", 5.4234765583736, -8.466894464221774
725, "Color", "Kurt Forest", -3.1118111741358176, -8.381240930318302
726, "cookie butter", "mellow fellow & ruru", -0.9685166748145437, 4.0310676894400626
727, "Breakfast For 2", "SadGirl", -5.5302995014074865, 5.679573869370549
728, "Clueless", "The Mar√≠as", 1.027964695547, -12.418099570898626
729, "Dare To Dream", "Video Age", 6.555390883171929, -2.500220022222829
730, "Weekend Friend", "Goth Babe", 3.7462152501833907, 1.5473606153230695
731, "Tired", "RAIL „É¨„Éº„É´", 5.562320795083365, 0.8469456806539893
732, "You Make Me OH!", "Donny Electric", -1.4672627095222885, 5.295084086541928
733, "Until I Found You", "Fascinations Grand Chorus", -2.8035725074751374, 12.037880546540505
734, "Weekend Visit", "Pole Siblings", -4.532655668527965, -3.4659687206263623
735, "Weighing On Me", "Henry Nowhere", -2.8856571036776217, 5.324754915948194
736, "You Move So Fast", "Parachute Planet", -1.389996220824714, -0.14608941297950667
737, "Warmth & Shelter", "Secret American", 3.131087621569688, 0.6161682183649757
738, "We'll Shine", "Banana Cream", 3.9275981668102404, -0.1808519103043653
739, "Wasting Time", "Spirit Award", -5.6377010892539925, 9.831242622359461
740, "You Will Fill My Head", "wwoman", 2.00540113807209, 6.678502497279136
741, "What The Hell is Wrong With Me", "Daragh", 7.261924336884399, -1.5667285064605587
742, "Way Back Home", "Southern Pine", 0.07833359364313612, -10.265672705076446
743, "When I Had Infinity", "Camarano", 4.559503629390835, 8.960853844745182
744, "dragged out underneath the lights", "Orchid Mantis", -1.4588980555547686, 7.153261644282767
745, "Disco at a grave", "Tony Jupiter", -0.8977532708041096, 10.812593007297858
746, "Don't Rush", "Lyfe Indoors", 1.5922369904844746, -5.729298946793145
747, "Drowned Out", "Quality Cable", -3.1842801637356892, 8.478587845900314
748, "Frostbiter", "Saintseneca", 0.01437979572967879, -1.5124433445749292
749, "Dreams", "Str√ºds Munroe", -7.653215158975059, 6.545959007108724
750, "Drip", "The Mar√≠as & Triathalon", -7.11593539597767, -6.773526333445734
751, "Divination", "Vamping", -4.675005054035374, -1.7027630347063347
752, "Different Songs", "Zach Schimpf", -3.294263140389977, -9.2649222238404
753, "Downpour", "Bells Atlas", -0.446696808513284, 6.981967727988267
754, "Different This Time", "Cornelia Murr", -0.8778213455780977, -11.042694989291709
755, "Dumont", "Jerky", -1.9716863945913652, -0.5671103400681088
756, "Get Away (Secret Dream)", "Phogg", 5.98930137297586, 1.5314136174168334
757, "Little Man", "Orange Joe", -2.180164182114788, -8.928876171228021
758, "I Can Treat You Better (feat. Ariel Pink)", "Part Time", 4.808668175354677, -8.922591532627534
759, "In The Garden", "Two People", 3.2613412033244953, -8.65923288248913
760, "interim", "yushi", 2.4905586380904854, 0.7309171427028932
761, "I Only Wanted The Best For Ya", "Brenda", -2.872260083968013, -1.0283635382538456
762, "Involvement", "Ex Okays", 5.534289112047024, 10.300705465520956
763, "Land Line", "Ivan Limes", 0.9538357893389571, -11.908239197186527
764, "In the Light", "O.B. Howard", 3.8814719096235666, 0.4847423355078841
765, "in my own skin", "ruru", -1.0123407226963035, 2.2460335239358833
766, "Phone", "Steve Dreez", -1.876364749853606, -1.7241467958353258
767, "Looking Over Shoulders", "Yumi Zouma", -0.33639286149530545, -2.7277306910409
768, "I Rly Rly Like U", "Baby Bulldog", -0.8601453901937183, 9.858204422820886
769, "Inheritance", "Dorvin Borman", -3.151502349963802, 11.614456519042722
770, "magic trick", "iogi", -6.380356455768456, -0.3803210318203103
771, "Laundry", "Jake Nuffer", -0.5474999397507221, -5.634903626094876
772, "Polished", "Matty", 0.07092197309724656, 0.4862452618709004
773, "EMOTION", "Bogan Via", 5.556102613253965, 10.281727402847448
774, "Fade", "Culte", -2.5960364820600166, -4.28800208406015
775, "Everything Borrowed", "Jerry Paper", 4.201375209300925, 5.28775597975117
776, "Donna", "Rubblebucket", 6.195065757289412, 1.8967357104918405
777, "Easy Strand", "Swimming Tapes", -4.221476942029623, 7.824395547338499
778, "face wants", "urbanation", 3.035251155522397, -5.499646576465072
779, "Habitat", "Zach Schimpf", 0.7901427175505207, -7.934793546824931
780, "Faking", "Dyan", -1.7669592690521605, -10.064253128928565
781, "Having Fun", "Ginger Root", -1.5770872775091334, 4.640645464024885
782, "Fade", "Goth Dad", 6.951682005355521, -1.2801327880306708
783, "Faith", "GRMLN", 5.5200875997672245, 9.520304094012127
784, "Existential Crisis (Kev La Kat Remix)", "Jack Conman", -6.64043339722299, -1.8516274876469256
785, "Doves", "Love Lake", -4.81594533079549, 10.406768240346878
786, "Faded", "Yot Club", -6.958527466942035, 9.117730861160545
787, "fallin'", "nep", 1.5691609937437299, -14.064842305922806
788, "Fake Sunshine", "Okemo", -2.729252078533014, 5.033744316127251
789, "Shook", "Sports Day", 0.6660783428802456, -8.906918380856608
790, "Tides", "Twist", 7.912606652966578, -4.230594796160209
791, "yikes cream", "banzai florist", -7.092491754581066, -2.291072447443902
792, "Sunnnn", "Goth Babe", 1.4617582963748337, 0.23413384609761226
793, "Slowly", "Spooky Cigarette", -1.2451118158661278, 2.8790340586706082
794, "Touch", "Summer Heart", -1.8626252973377566, 2.334720327730332
795, "sleeves", "tough boy", 5.774371244774731, -0.34713862101417153
796, "The Dogs Only Listen to Him", "Varsity", -3.509826053394366, 8.460865043727068
797, "To Be", "Foxwarren", -1.2610008300466393, -1.145277700360753
798, "Tsjkn", "JAKOMO", 2.449951972037988, -10.95881326610672
799, "Slow Caffeine (ft. rin)", "Jesus Noris", 9.843096338018213, -6.096857202541434
800, "So You're Young", "Mike Edge", -4.775685613374814, -1.482772965833365
801, "Sushi", "Selfsteam", -0.3446092586389649, -4.584921065562078
802, "You Make Me Melt", "wes park", 5.196779779867301, 5.765450093839829
803, "Validation", "Candy", -2.2414813591010123, 9.522262215109494
804, "Snow", "Kevin Pesto", -4.116029291621719, -6.4401410343737995
805, "Phone Call", "Two People", 1.9285465381971325, -12.812349259921097
806, "See You Again", "Unknown Caller", -0.4026083310663566, 1.9106575860416375
807, "Playing as Punks", "Free Love (FKA Happy Meals)", 5.631444788452721, -2.205221096870015
808, "Soak", "GRMLN", -3.1494338637249975, 12.620292582035768
809, "Settle", "Haulm", -3.665573203122591, 0.9491253502396922
810, "Please Won't Please", "Helado Negro", -1.9266060273718084, -7.1255211302188215
811, "Scarlet", "Pearl Sugar", -4.53321988975818, 3.0293419105263912
812, "Tender", "TOPAZ", -4.941304033336171, -1.845587081666304
813, "scary forest", "daisydead & Jeremy Fisher", -3.619725581784471, -0.9097587364694736
814, "polaroid smmr", "Detective Deckard", 0.3576829144584596, 1.012193542176919
815, "The Bandage and the Wound", "Gabe Goodman", -4.815274717371298, -5.234022830427086
816, "Please Stay in Love With Me", "Kicksie", 2.661910971493028, 5.159932746727324
817, "some ppl", "LAN Party", -5.674158715482096, -2.863309997305406
818, "Wait for Love", "Cam Maclean", -2.5814209483253636, 7.138639061727751
819, "Took a Fall", "Golden Daze", -2.528180876570117, 2.166432079252061
820, "Tell Me Nicely", "Light Scene Factory", -7.26748757268637, -0.8157195909708757
821, "Up at Night", "Toast", 0.4097905978229724, -4.033910732248905
822, "Waves", "Linn Koch-Emmery", -2.5768573992587336, 13.161517797696
823, "Tooth", "ooi", -6.348410182392372, -3.221011710723648
824, "Tell You", "Reclining Nude", -7.277326984482681, 8.060228186299167
825, "velvet dreams", "the aubergine party collective", -3.2105731280489676, -3.118260649099108
826, "Weekend 4 the Girls", "Dreamgirl", -0.3891838431825949, -6.114927145311221
827, "Would You Care", "Dreams We've Had", 2.1074237816943366, 8.688358093446633
828, "THE BOTTOM (feat. Sofia D'Angelo)", "MICHELLE", -4.639820457008462, -0.15576515550734613
829, "Tournament Hill", "Temporex", 7.430551098082867, -3.247930349053671
830, "Toursong", "Baseball Gregg", -6.869903892485554, 4.277532402373314
831, "Welcome and Goodbye", "Dream, Ivory", -4.999337648653604, 11.65894433992181
832, "The Feeling", "Tom Wilson Kellett", 2.7347074053425913, 7.265329841033943
833, "Wrong Dimension", "Zach Schimpf", -2.4524642063158093, -5.807901058770256
834, "Widescreen", "Beta Champ", -1.7418599433785869, 4.092753694211754
835, "The Weight", "Hanging Valleys", -3.340622181632594, -4.31935632639245
836, "My (Twin Brother's) Girl", "Marsandaras(M.A.R.S.)", 1.2361072372616029, -3.1704219529977093
837, "New Year", "Mk.gee", 3.2132643730070534, -6.659251610508561
838, "Most the Year", "Westfalia", 2.3292116864325654, 5.741966087673109
839, "Mrs. Thompkins", "Will Davila", 4.276542891726057, -2.6549268025750283
840, "Mr. Call You Back (Ft. Triathalon)", "Deaton Chris Anthony", -5.114617111468913, -3.3145483240350933
841, "Rearranging", "Modern Nomad", -0.5914544265277052, 5.84645857694159
842, "Muchas (feat. Cola Boyy)", "Myd", 5.95607878300528, 9.421870576292704
843, "My Guitar", "Nader & the Trees", -0.8405824873676219, -10.09418732796082
844, "No Tissues", "Postcard Boy", -1.8749543937149322, -11.915293801489202
845, "Past Lives on The Range (Early Version)", "Zach Schimpf", -1.3534528957754315, -10.784959489276869
846, "There's Not Enough Time in a Day", "Zach Schimpf", -3.877741974947524, 0.047281515045755354
847, "Buenas Noches Club", "Chez Ali", 0.3607034215912034, -0.3379647794168583
848, "Before I Go", "Collectors Item", 0.36066258404274326, -11.362831047275478
849, "Can I Call You Tonight", "Dayglow", -0.28025684298041276, 7.795547622146912
850, "Close to Your Ego", "Pavo Pavo", 10.407925541406502, -5.4268621289795655
851, "Breaking Up Together", "Sealife", 1.9591528621855379, -8.892344683868235
852, "Check Your Snaps", "yungatita", -3.5294036765584322, 4.065109277857343
853, "Coal Harbour (Brand New Life)", "Andrew Goldring", -2.4763458984844093, -0.38300986607142334
854, "Big Lawn", "conor lynch", -2.8616667669305875, 8.853423888765768
855, "Cactus Country", "Cool Sounds", 0.4912159220237707, -1.3173315392591907
856, "coffee (demo)", "Julian Skiboat", 1.859172207230813, -7.77353298903073
857, "Call Me Up", "Secret Attraction", -2.947995770253863, 11.66871097300292
858, "Can not hide", "Sol√•", -0.2527800613261297, -11.696555457247346
859, "Cool", "Tigers in the Sky", 1.83753141165356, 0.1877020852312533
860, "Can't Get Enough", "Lucky Boy^", 2.571412166728497, 4.519202453547653
861, "Bony Shelter", "Many Voices Speak", 2.31691548542145, -10.23188302961792
862, "Hot Stuff", "TOLEDO", -2.1156416562562153, 3.4902568537115717
863, "Ivy League", "ARTHUR", 6.216816209656709, 0.6505663954200449
864, "House of Tin", "Polifauna", -0.058586577870495586, -7.797655713883395
865, "Hi", "Sam Hollis", 1.362376005367368, -2.0376733787670687
866, "Idiot", "Sure Sure", -3.975345058015665, 1.6946824172377917
867, "No Sleep", "TEMPOREX", -6.028416761024624, 8.822067966125958
868, "La Riviera", "Tommy Newport", -3.710076630017386, 7.350468213081579
869, "if u noticed", "yot club", -2.1143263951434097, 3.029119770311965
870, "Jamais vu", "Beauty Parlor", -2.5480046936859946, 13.131845499200429
871, "I'm a Jelly", "Brace! Brace!", 0.10852967250987587, 3.1568187283635076
872, "Hiding", "IAN SWEET", 2.6044029721338284, -3.8630800979296245
873, "I'm OK", "johnny goth", -3.3968728533450157, 1.2562228534300601
874, "I Found You", "JW Francis", -3.3405822865589228, -3.022550129999519
875, "Lady Friend", "Poncho", -6.994351484808648, -2.2586533645502858
876, "Noumena", "Vinyl Williams", -0.7634358791190978, 8.62204186120862
877, "alright", "freddyboy", -4.408723446855433, -2.618539833075838
878, "Annihilation Song", "Rubblebucket", 3.639529626782691, 8.863916412846034
879, "Are You The One For Me (Prod. Aquinas)", "aestheticvibeys", 1.3828914504488143, -4.5757078542937855
880, "Away Message", "Surf Rock Is Dead", -1.7503149784248448, 13.819116235647076
881, "Condemned to Be Freaky", "Brad stank", -7.7319646806593925, 5.057795838871427
882, "Coffee Stained Scars", "Margot", -2.350915732541934, 7.0315278283197244
883, "Cemetery Surf", "Cathedral Bells", -2.469209838478562, 10.44566302496065
884, "Dinner at my Place (I Can't Wait)", "Wavy i.d.", -2.849719050635559, -9.149560724692995
885, "confused", "Oscar Lang", -2.5436630934358537, -7.20301374654286
886, "Drastic Measures", "Bayonne", 10.407207449056271, -5.221510951698577
887, "Deep", "LoOmis", -1.522045667843616, -2.8297720187556026
888, "Passing By", "Dark Tape", -1.6058115226846346, 9.971292869917699
889, "P.J.R.", "Hydromag", -3.0427117743932413, 7.480687986732971
890, "Quit Playin", "Secret B", 7.191365137432967, -1.4007997940365977
891, "Rob Las Vegas", "Sports", -1.992583192776612, -8.973653782092985
892, "Song For Ueno", "Stello", 4.895378810077677, -5.049557976702972
893, "She's The Blues", "Zoorumpug", 7.69072197354063, -4.007918610676037
894, "peach beach (ft. daniel the guy)", "geia", 0.44167004536181065, -12.26486329122106
895, "Run Away", "Holiday Party", 7.886851109829068, 6.797688829694221
896, "Pacific", "Paraglide", 1.3080073303174515, -11.912006172423853
897, "Soon Enough", "Still Parade", 3.6756927986250356, -3.2139328797733318
898, "Right Now", "The Undercover Dream Lovers", 5.949930969250344, 6.004128574803214
899, "Silhouette", "Zach Schimpf", 1.4324147994449568, -11.358868881933148
900, "Persona", "Instupendo", 1.2374109042797983, -13.899224259748987
901, "PATTY", "johnny utah", 6.390868405937186, 0.2147560005956763
902, "Sole Mate", "Infinite Bisous", 0.9012742937307366, -11.954361957353528
903, "Trapped", "Maxwell Cantrell", -3.9669296217852144, 2.606802056647068
904, "Say", "Modern Nomad", -1.5014071829415756, -6.9182221283923555
905, "take a breath", "yesthatisright", -2.9611261666755078, -3.720670300053461
906, "Tender Heart", "YUNG CHEI", 1.7925310313159617, 9.9184225753378
907, "Take Me To The Crib", "Brad Stank", -4.1025681545153665, -8.612313049682264
908, "See You", "family reunion", 9.776421221486906, -5.19137050135347
909, "Uneasy", "Henry Nowhere", 2.337645738532746, -1.9990940875574894
910, "Say No More", "Jibberish", 0.05657688071749718, 5.802719696506268
911, "The Carol in Her Eyes", "solomonophonic", -2.277683991089005, -7.284794647097891
912, "Speaking Sonar", "Summer Salt", -4.081363646906198, -8.410945107363679
913, "There", "Credit Electric", -3.934781473522782, 3.5669392674827733
914, "Takedown", "Dead Editor", -3.5294370967722033, 2.075562455064278
915, "Sea Spray", "Dives", -0.5291477830084668, 4.454820365337022
916, "Some Love No. 3", "Vuvu le & SPACE VU", -2.139025806580775, -10.199902028002983
917, "Leash", "milk flud", -1.165614682935012, -7.33039333413053
918, "lost control", "Michael Paradise", -1.5173972027813407, 3.7937280845608794
919, "Telltale Signs", "Sobs", 7.037893781017713, -0.8280092426095164
920, "Painkillers & Steroids", "Gregory Ackerman", 2.494020629223017, 0.31614095003258336
921, "Red Wine", "Grapetooth", -4.021353393864498, 9.247611155228666
922, "Northern States", "The Edwards", -4.2809709708382915, 2.748671113027175
923, "Run Away", "Jakobee", 2.200061330049319, -9.810627753772774
924, "Overgrown", "Alex Siegel", -3.4593706151888477, -2.108496715551142
925, "Passionfruit", "Benny Sings", -4.504291140900142, -6.9985461392549215
926, "You're Not Wrong", "Wet", -4.940892610200327, 7.080739118511704
927, "SKATE", "Karl Fitzgerald", -1.256153772147432, -5.866895979161288
928, "Purple Skies", "ROOM", 2.10677219253856, -11.835834928966143
929, "Sincerely", "T.hanks", -3.3291044886441377, 11.712430715895549
930, "Portra 400", "VICTOR!", -3.2940154213475523, 1.6312397851869886
931, "Summer Lover", "YMA & GAB", -5.459557837658571, 1.255556860171909
932, "Smokin' The Clouds", "CATSIGNS", -2.232816895161399, 9.505365922906012
933, "PPSSP", "Dialup Ghost", 4.855454515888755, 9.142043796411974
934, "Sunrise", "Sage", -3.30281953288008, 2.368448353984075
935, "Thursday's Child", "Thandii", 5.844142362896843, -1.0905249014314073
936, "Qu√© Pasa", "TOLEDO", -2.1836062194574124, 1.1660352498663302
937, "Shallow Water", "Wild Nothing", -1.7423247119355831, -3.1069673836154243
938, "real life", "banzai florist", 2.74622652825553, 4.865719500943244
939, "Talk", "Con Davison", -3.033154069209861, 8.22492590384143
940, "So Clean (ft. Emma Lee)", "Earth Dad", -2.095628510586758, 9.7679389541227
941, "She Needs Him", "Her's", -2.4034099134302895, 7.614289320092485
942, "Lilac Signal Fires", "Desert Liminal", 7.366275893805468, -3.519785244355503
943, "Lullaby", "Inner Wave", 3.5819095686894022, -4.460678174736105
944, "Keeping Up", "Microwave", 8.204401370117496, -7.215361451011763
945, "Mothership", "Paluyota", -6.593747511150968, -4.063107232687542
946, "Snacks", "pig", 3.0770718424701116, 1.5763722290667435
947, "Lasting Friend", "Samia", 1.533745133642836, 8.90979687856783
948, "Juiceboxx", "The Love Language", -1.0913381178556258, 5.289343335022982
949, "Mallory", "bed.", -3.7052538589006176, 9.560350543617163
950, "Leviathan", "Bloom", 2.9305214444386274, -8.18456548221321
951, "Limitado", "Boy Pablo", 3.1627152021958707, 5.372291168912106
952, "Lately", "Dreams We've Had", 5.1071156813602485, 8.204333131912385
953, "My God", "Jerry Paper", 4.688895713073813, 6.244304453453088
954, "La Meg", "Okay Kaya", 8.535399511074834, -7.324668872589735
